building_id,source_csv,calibration_start,calibration_end,calibration_days,reference_daily_total,h00,h01,h02,h03,h04,h05,h06,h07,h08,h09,h10,h11,h12,h13,h14,h15,h16,h17,h18,h19,h20,h21,h22,h23
BN056,dataset/raw_building_csv/abnormal/BN056_energy.csv,2019-07-01,2019-07-30,30,720.96,17.275,16.895,16.545,16.165,15.585,21.9,31.335,36.364999999999995,37.295,38.635000000000005,41.394999999999996,43.975,44.965,45.175,44.165,43.455,44.195,41.78,32.215,26.755,19.28,18.4,18.035,17.515
BN073,dataset/raw_building_csv/abnormal/BN073_energy.csv,2019-07-01,2019-07-30,30,1902.81,112.275,112.525,111.405,111.33500000000001,113.75999999999999,114.515,113.015,93.95,61.41,31.205,15.91,24.869999999999997,27.84,24.424999999999997,18.345,21.595,41.08,76.57499999999999,106.4,120.10499999999999,120.83500000000001,121.42,117.47,113.56
BN077,dataset/raw_building_csv/abnormal/BN077_energy.csv,2019-07-01,2019-07-30,30,66.59,11.715,9.504999999999999,1.74,0.655,1.55,1.6749999999999998,0.27,0.68,0.6799999999999999,0.575,0.8500000000000001,0.875,1.135,0.9550000000000001,0.675,0.71,0.6699999999999999,2.925,0.425,0.38,0.32,9.575,12.3,11.415
BN079,dataset/raw_building_csv/abnormal/BN079_energy.csv,2019-07-01,2019-07-30,30,24468.265,1010.25,1008.31,1005.96,1004.5699999999999,1003.1700000000001,1000.645,999.96,1005.4200000000001,1013.415,1017.98,1032.31,1036.0100000000002,1043.865,1041.565,1044.835,1046.73,1039.115,1033.475,1030.245,1026.29,1025.115,1020.62,1020.185,1018.94
BN098,dataset/raw_building_csv/abnormal/BN098_energy.csv,2019-07-01,2019-07-30,30,325.15999999999997,17.47,17.24,17.425,17.29,17.125,16.905,9.165,8.895,9.940000000000001,10.78,11.69,12.29,10.71,10.05,10.36,10.64,10.515,10.754999999999999,9.765,9.915,17.54,17.85,17.65,17.59
BN099,dataset/raw_building_csv/abnormal/BN099_energy.csv,2019-07-01,2019-07-30,30,590.8399999999999,32.625,32.57,32.575,32.585,32.644999999999996,33.125,32.875,30.775,14.25,13.555,13.55,13.86,13.625,13.614999999999998,13.594999999999999,13.625,13.605,13.665,22.13,32.76,32.7,32.7,32.745000000000005,32.75
BN100,dataset/raw_building_csv/abnormal/BN100_energy.csv,2019-07-01,2019-07-30,30,1615.465,54.725,54.31,54.375,57.730000000000004,55.125,63.25,99.75999999999999,81.23,84.43,81.55000000000001,66.7525,69.7325,69.255,63.1725,72.1175,69.63,58.035,73.82,73.895,67.395,58.455,56.665,55.555,55.36
BN134,dataset/raw_building_csv/abnormal/BN134_energy.csv,2019-07-01,2019-07-30,30,805.905,19.245,17.78,16.98,15.89,15.865,25.625,32.8,37.370000000000005,35.41,34.56,35.235,36.45,44.715,60.89,62.614999999999995,64.605,56.675,45.519999999999996,39.235,34.05,29.52,25.575000000000003,23.4,20.78
BN139,dataset/raw_building_csv/abnormal/BN139_energy.csv,2019-07-01,2019-07-30,30,47.5615,1.75,1.685,1.59,1.6,1.525,1.51,1.225,1.255,1.335,1.375,1.5550000000000002,1.77,2.025,2.165,2.71,2.585,2.8200000000000003,2.7800000000000002,2.545,2.0075,1.9725000000000001,2.025,2.115,1.835
BN147,dataset/raw_building_csv/abnormal/BN147_energy.csv,2019-07-01,2019-07-30,30,16864.53,1413.5749999999998,1390.7649999999999,1349.98,1275.9250000000002,1195.9850000000001,1186.605,900.645,765.02,744.2349999999999,799.375,593.625,168.91500000000002,142.07999999999998,132.875,130.565,128.995,126.85499999999999,121.355,113.82,124.795,179.19,182.315,1356.99,1472.375
BN002,dataset/raw_building_csv/normal/BN002_energy.csv,2019-07-01,2019-07-30,30,7373.175,270.63,268.74,264.97,262.08000000000004,258.83500000000004,259.83500000000004,283.725,289.875,302.91999999999996,321.64,332.51,340.165,353.12,344.63,358.32500000000005,364.385,357.96500000000003,347.76,322.28999999999996,311.305,306.96500000000003,299.36,294.5,284.505
BN024,dataset/raw_building_csv/normal/BN024_energy.csv,2019-07-01,2019-07-30,30,7634.1,298.83500000000004,299.31,294.55,287.025,284.395,283.93,288.95,295.935,315.33000000000004,317.315,327.555,337.95,346.125,356.095,361.97,370.425,367.765,358.275,348.65999999999997,338.28,324.11,319.965,312.815,311.78999999999996
BN029,dataset/raw_building_csv/normal/BN029_energy.csv,2019-07-01,2019-07-30,30,4325.0,169.085,169.87,170.98,171.255,171.745,172.935,177.005,188.055,184.455,186.475,185.715,184.505,181.165,181.59,181.17000000000002,178.28,177.935,176.12,177.07,179.89,190.8,187.435,187.67,170.385
BN045,dataset/raw_building_csv/normal/BN045_energy.csv,2019-07-01,2019-07-30,30,2106.0150000000003,79.08500000000001,80.75,80.66499999999999,79.6,78.00999999999999,77.56,87.25999999999999,88.71000000000001,89.375,91.295,92.89,96.85,95.87,97.3,98.21000000000001,97.995,93.675,91.56,90.71000000000001,90.035,84.59,80.05,79.32499999999999,79.16
BN051,dataset/raw_building_csv/normal/BN051_energy.csv,2019-07-01,2019-07-30,30,2142.0999999999995,74.49000000000001,75.195,74.485,74.805,74.175,73.845,80.555,89.44,96.785,102.225,105.41,105.515,108.05,109.13,109.7,107.63,105.65,99.88499999999999,96.835,96.39,80.53,72.115,73.01,72.84
BN061,dataset/raw_building_csv/normal/BN061_energy.csv,2019-07-01,2019-07-30,30,11425.01,469.485,470.765,469.13,467.735,467.105,465.815,464.825,465.94,469.64,476.68,480.48,483.48,486.275,485.395,488.34000000000003,489.23,487.31,484.85,479.245,476.21500000000003,478.015,475.78,474.09000000000003,471.83
BN065,dataset/raw_building_csv/normal/BN065_energy.csv,2019-07-01,2019-07-30,30,3207.375,124.35,112.07,105.03,99.83,98.85499999999999,101.355,101.265,105.99,135.96,152.765,157.89,160.11,161.62,158.77999999999997,160.33499999999998,156.74,153.69,139.325,127.46,129.45,131.405,135.945,140.94,135.175
BN114,dataset/raw_building_csv/normal/BN114_energy.csv,2019-07-01,2019-07-30,30,2423.425,158.04500000000002,157.3,158.04500000000002,151.09,83.09,67.24000000000001,87.245,81.33500000000001,162.79500000000002,164.24,167.45,166.365,165.41,165.01,156.995,166.35000000000002,165.935,166.29500000000002,165.84,155.17000000000002,156.4,144.06,77.5,114.68
BN115,dataset/raw_building_csv/normal/BN115_energy.csv,2019-07-01,2019-07-30,30,7300.735000000001,202.055,199.815,203.37,203.505,259.78,283.19500000000005,300.32500000000005,296.61,292.03,323.58500000000004,350.53499999999997,366.42,370.105,371.2,371.975,374.93,371.33500000000004,373.18,367.74,358.82000000000005,329.18,308.145,277.36,219.825
BN138,dataset/raw_building_csv/normal/BN138_energy.csv,2019-07-01,2019-07-30,30,4361.44,184.945,183.88,183.53500000000003,182.8,182.945,182.075,171.64999999999998,169.655,172.60500000000002,175.985,178.89,180.05,181.41,180.885,180.76,180.165,176.265,175.32999999999998,172.565,188.505,191.47,190.915,187.805,186.15
